Workbook

Sheet Team Profiles
A1: Team | B1: ISO | C1: Primary colour (pick from list) | D1: Shade | E1: Secondary colour (pick from list) | F1: Colour source (URL or 'club shop photo' etc.) | G1: Primary hex (auto — or type an exact one to override) | H1: Readable with white text? (auto) | I1: Readable in dark mode? (auto) | J1: FIFA ranking | K1: Ranking source + date | L1: Editorial note (one sentence, your voice) | M1: Status
A2: Wales | B2: WAL | G2: =IF(C2="","",IF(D2="Darker","#"&DEC2HEX(ROUND(HEX2DEC(MID(INDEX(Palette!$B$2:$B$19,MATCH(C2,Palette!$A$2:$A$19,0)),2,2))*0.75,0),2)&DEC2HEX(ROUND(HEX2DEC(MID(INDEX(Palette!$B$2:$B$19,MATCH(C2,Palette!$A$2:$A$19,0)),4,2))*0.75,0),2)&DEC2HEX(ROUND(HEX2DEC(MID(INDEX(Palette!$B$2:$B$19,MATCH(C2,Palette!$A$2:$A$19,0)),6,2))*0.75,0),2),IF(D2="Lighter","#"&DEC2HEX(ROUND(HEX2DEC(MID(INDEX(Palette!$B$2:$B$19,MATCH(C2,Palette!$A$2:$A$19,0)),2,2))+(255-HEX2DEC(MID(INDEX(Palette!$B$2:$B$19,MATCH(C2,Palette!$A$2:$A$19,0)),2,2)))*0.25,0),2)&DEC2HEX(ROUND(HEX2DEC(MID(INDEX(Palette!$B$2:$B$19,MATCH(C2,Palette!$A$2:$A$19,0)),4,2))+(255-HEX2DEC(MID(INDEX(Palette!$B$2:$B$19,MATCH(C2,Palette!$A$2:$A$19,0)),4,2)))*0.25,0),2)&DEC2HEX(ROUND(HEX2DEC(MID(INDEX(Palette!$B$2:$B$19,MATCH(C2,Palette!$A$2:$A$19,0)),6,2))+(255-HEX2DEC(MID(INDEX(Palette!$B$2:$B$19,MATCH(C2,Palette!$A$2:$A$19,0)),6,2)))*0.25,0),2),INDEX(Palette!$B$2:$B$19,MATCH(C2,Palette!$A$2:$A$19,0))))) | H2: =IF(G2="","",IF((1.05)/((0.2126*HEX2DEC(MID(G2,2,2))+0.7152*HEX2DEC(MID(G2,4,2))+0.0722*HEX2DEC(MID(G2,6,2)))/255+0.05)>=4.5,"Yes","CHECK — may need dark text")) | I2: =IF(G2="","",IF(((0.2126*HEX2DEC(MID(G2,2,2))+0.7152*HEX2DEC(MID(G2,4,2))+0.0722*HEX2DEC(MID(G2,6,2)))/255+0.05)/((0.2126*11+0.7152*27+0.0722*52)/255+0.05)>=3,"Yes","CHECK — may need a brighter shade")) | M2: unverified
A3: England | B3: ENG | G3: =IF(C3="","",IF(D3="Darker","#"&DEC2HEX(ROUND(HEX2DEC(MID(INDEX(Palette!$B$2:$B$19,MATCH(C3,Palette!$A$2:$A$19,0)),2,2))*0.75,0),2)&DEC2HEX(ROUND(HEX2DEC(MID(INDEX(Palette!$B$2:$B$19,MATCH(C3,Palette!$A$2:$A$19,0)),4,2))*0.75,0),2)&DEC2HEX(ROUND(HEX2DEC(MID(INDEX(Palette!$B$2:$B$19,MATCH(C3,Palette!$A$2:$A$19,0)),6,2))*0.75,0),2),IF(D3="Lighter","#"&DEC2HEX(ROUND(HEX2DEC(MID(INDEX(Palette!$B$2:$B$19,MATCH(C3,Palette!$A$2:$A$19,0)),2,2))+(255-HEX2DEC(MID(INDEX(Palette!$B$2:$B$19,MATCH(C3,Palette!$A$2:$A$19,0)),2,2)))*0.25,0),2)&DEC2HEX(ROUND(HEX2DEC(MID(INDEX(Palette!$B$2:$B$19,MATCH(C3,Palette!$A$2:$A$19,0)),4,2))+(255-HEX2DEC(MID(INDEX(Palette!$B$2:$B$19,MATCH(C3,Palette!$A$2:$A$19,0)),4,2)))*0.25,0),2)&DEC2HEX(ROUND(HEX2DEC(MID(INDEX(Palette!$B$2:$B$19,MATCH(C3,Palette!$A$2:$A$19,0)),6,2))+(255-HEX2DEC(MID(INDEX(Palette!$B$2:$B$19,MATCH(C3,Palette!$A$2:$A$19,0)),6,2)))*0.25,0),2),INDEX(Palette!$B$2:$B$19,MATCH(C3,Palette!$A$2:$A$19,0))))) | H3: =IF(G3="","",IF((1.05)/((0.2126*HEX2DEC(MID(G3,2,2))+0.7152*HEX2DEC(MID(G3,4,2))+0.0722*HEX2DEC(MID(G3,6,2)))/255+0.05)>=4.5,"Yes","CHECK — may need dark text")) | I3: =IF(G3="","",IF(((0.2126*HEX2DEC(MID(G3,2,2))+0.7152*HEX2DEC(MID(G3,4,2))+0.0722*HEX2DEC(MID(G3,6,2)))/255+0.05)/((0.2126*11+0.7152*27+0.0722*52)/255+0.05)>=3,"Yes","CHECK — may need a brighter shade")) | M3: unverified
A4: Scotland | B4: SCO | C4: Navy | D4: Standard | E4: White | F4: Applied in DB 2026-07 — reference example | G4: =IF(C4="","",IF(D4="Darker","#"&DEC2HEX(ROUND(HEX2DEC(MID(INDEX(Palette!$B$2:$B$19,MATCH(C4,Palette!$A$2:$A$19,0)),2,2))*0.75,0),2)&DEC2HEX(ROUND(HEX2DEC(MID(INDEX(Palette!$B$2:$B$19,MATCH(C4,Palette!$A$2:$A$19,0)),4,2))*0.75,0),2)&DEC2HEX(ROUND(HEX2DEC(MID(INDEX(Palette!$B$2:$B$19,MATCH(C4,Palette!$A$2:$A$19,0)),6,2))*0.75,0),2),IF(D4="Lighter","#"&DEC2HEX(ROUND(HEX2DEC(MID(INDEX(Palette!$B$2:$B$19,MATCH(C4,Palette!$A$2:$A$19,0)),2,2))+(255-HEX2DEC(MID(INDEX(Palette!$B$2:$B$19,MATCH(C4,Palette!$A$2:$A$19,0)),2,2)))*0.25,0),2)&DEC2HEX(ROUND(HEX2DEC(MID(INDEX(Palette!$B$2:$B$19,MATCH(C4,Palette!$A$2:$A$19,0)),4,2))+(255-HEX2DEC(MID(INDEX(Palette!$B$2:$B$19,MATCH(C4,Palette!$A$2:$A$19,0)),4,2)))*0.25,0),2)&DEC2HEX(ROUND(HEX2DEC(MID(INDEX(Palette!$B$2:$B$19,MATCH(C4,Palette!$A$2:$A$19,0)),6,2))+(255-HEX2DEC(MID(INDEX(Palette!$B$2:$B$19,MATCH(C4,Palette!$A$2:$A$19,0)),6,2)))*0.25,0),2),INDEX(Palette!$B$2:$B$19,MATCH(C4,Palette!$A$2:$A$19,0))))) -> #1B3A6B | H4: =IF(G4="","",IF((1.05)/((0.2126*HEX2DEC(MID(G4,2,2))+0.7152*HEX2DEC(MID(G4,4,2))+0.0722*HEX2DEC(MID(G4,6,2)))/255+0.05)>=4.5,"Yes","CHECK — may need dark text")) -> CHECK — may need dark text | I4: =IF(G4="","",IF(((0.2126*HEX2DEC(MID(G4,2,2))+0.7152*HEX2DEC(MID(G4,4,2))+0.0722*HEX2DEC(MID(G4,6,2)))/255+0.05)/((0.2126*11+0.7152*27+0.0722*52)/255+0.05)>=3,"Yes","CHECK — may need a brighter shade")) -> CHECK — may need a brighter shade | L4: Navy and white; Hampden roar optional. | M4: applied
A5: Northern Ireland | B5: NIR | G5: =IF(C5="","",IF(D5="Darker","#"&DEC2HEX(ROUND(HEX2DEC(MID(INDEX(Palette!$B$2:$B$19,MATCH(C5,Palette!$A$2:$A$19,0)),2,2))*0.75,0),2)&DEC2HEX(ROUND(HEX2DEC(MID(INDEX(Palette!$B$2:$B$19,MATCH(C5,Palette!$A$2:$A$19,0)),4,2))*0.75,0),2)&DEC2HEX(ROUND(HEX2DEC(MID(INDEX(Palette!$B$2:$B$19,MATCH(C5,Palette!$A$2:$A$19,0)),6,2))*0.75,0),2),IF(D5="Lighter","#"&DEC2HEX(ROUND(HEX2DEC(MID(INDEX(Palette!$B$2:$B$19,MATCH(C5,Palette!$A$2:$A$19,0)),2,2))+(255-HEX2DEC(MID(INDEX(Palette!$B$2:$B$19,MATCH(C5,Palette!$A$2:$A$19,0)),2,2)))*0.25,0),2)&DEC2HEX(ROUND(HEX2DEC(MID(INDEX(Palette!$B$2:$B$19,MATCH(C5,Palette!$A$2:$A$19,0)),4,2))+(255-HEX2DEC(MID(INDEX(Palette!$B$2:$B$19,MATCH(C5,Palette!$A$2:$A$19,0)),4,2)))*0.25,0),2)&DEC2HEX(ROUND(HEX2DEC(MID(INDEX(Palette!$B$2:$B$19,MATCH(C5,Palette!$A$2:$A$19,0)),6,2))+(255-HEX2DEC(MID(INDEX(Palette!$B$2:$B$19,MATCH(C5,Palette!$A$2:$A$19,0)),6,2)))*0.25,0),2),INDEX(Palette!$B$2:$B$19,MATCH(C5,Palette!$A$2:$A$19,0))))) | H5: =IF(G5="","",IF((1.05)/((0.2126*HEX2DEC(MID(G5,2,2))+0.7152*HEX2DEC(MID(G5,4,2))+0.0722*HEX2DEC(MID(G5,6,2)))/255+0.05)>=4.5,"Yes","CHECK — may need dark text")) | I5: =IF(G5="","",IF(((0.2126*HEX2DEC(MID(G5,2,2))+0.7152*HEX2DEC(MID(G5,4,2))+0.0722*HEX2DEC(MID(G5,6,2)))/255+0.05)/((0.2126*11+0.7152*27+0.0722*52)/255+0.05)>=3,"Yes","CHECK — may need a brighter shade")) | M5: unverified
A6: Republic of Ireland | B6: IRL | G6: =IF(C6="","",IF(D6="Darker","#"&DEC2HEX(ROUND(HEX2DEC(MID(INDEX(Palette!$B$2:$B$19,MATCH(C6,Palette!$A$2:$A$19,0)),2,2))*0.75,0),2)&DEC2HEX(ROUND(HEX2DEC(MID(INDEX(Palette!$B$2:$B$19,MATCH(C6,Palette!$A$2:$A$19,0)),4,2))*0.75,0),2)&DEC2HEX(ROUND(HEX2DEC(MID(INDEX(Palette!$B$2:$B$19,MATCH(C6,Palette!$A$2:$A$19,0)),6,2))*0.75,0),2),IF(D6="Lighter","#"&DEC2HEX(ROUND(HEX2DEC(MID(INDEX(Palette!$B$2:$B$19,MATCH(C6,Palette!$A$2:$A$19,0)),2,2))+(255-HEX2DEC(MID(INDEX(Palette!$B$2:$B$19,MATCH(C6,Palette!$A$2:$A$19,0)),2,2)))*0.25,0),2)&DEC2HEX(ROUND(HEX2DEC(MID(INDEX(Palette!$B$2:$B$19,MATCH(C6,Palette!$A$2:$A$19,0)),4,2))+(255-HEX2DEC(MID(INDEX(Palette!$B$2:$B$19,MATCH(C6,Palette!$A$2:$A$19,0)),4,2)))*0.25,0),2)&DEC2HEX(ROUND(HEX2DEC(MID(INDEX(Palette!$B$2:$B$19,MATCH(C6,Palette!$A$2:$A$19,0)),6,2))+(255-HEX2DEC(MID(INDEX(Palette!$B$2:$B$19,MATCH(C6,Palette!$A$2:$A$19,0)),6,2)))*0.25,0),2),INDEX(Palette!$B$2:$B$19,MATCH(C6,Palette!$A$2:$A$19,0))))) | H6: =IF(G6="","",IF((1.05)/((0.2126*HEX2DEC(MID(G6,2,2))+0.7152*HEX2DEC(MID(G6,4,2))+0.0722*HEX2DEC(MID(G6,6,2)))/255+0.05)>=4.5,"Yes","CHECK — may need dark text")) | I6: =IF(G6="","",IF(((0.2126*HEX2DEC(MID(G6,2,2))+0.7152*HEX2DEC(MID(G6,4,2))+0.0722*HEX2DEC(MID(G6,6,2)))/255+0.05)/((0.2126*11+0.7152*27+0.0722*52)/255+0.05)>=3,"Yes","CHECK — may need a brighter shade")) | M6: unverified
A7: Albania | B7: ALB | G7: =IF(C7="","",IF(D7="Darker","#"&DEC2HEX(ROUND(HEX2DEC(MID(INDEX(Palette!$B$2:$B$19,MATCH(C7,Palette!$A$2:$A$19,0)),2,2))*0.75,0),2)&DEC2HEX(ROUND(HEX2DEC(MID(INDEX(Palette!$B$2:$B$19,MATCH(C7,Palette!$A$2:$A$19,0)),4,2))*0.75,0),2)&DEC2HEX(ROUND(HEX2DEC(MID(INDEX(Palette!$B$2:$B$19,MATCH(C7,Palette!$A$2:$A$19,0)),6,2))*0.75,0),2),IF(D7="Lighter","#"&DEC2HEX(ROUND(HEX2DEC(MID(INDEX(Palette!$B$2:$B$19,MATCH(C7,Palette!$A$2:$A$19,0)),2,2))+(255-HEX2DEC(MID(INDEX(Palette!$B$2:$B$19,MATCH(C7,Palette!$A$2:$A$19,0)),2,2)))*0.25,0),2)&DEC2HEX(ROUND(HEX2DEC(MID(INDEX(Palette!$B$2:$B$19,MATCH(C7,Palette!$A$2:$A$19,0)),4,2))+(255-HEX2DEC(MID(INDEX(Palette!$B$2:$B$19,MATCH(C7,Palette!$A$2:$A$19,0)),4,2)))*0.25,0),2)&DEC2HEX(ROUND(HEX2DEC(MID(INDEX(Palette!$B$2:$B$19,MATCH(C7,Palette!$A$2:$A$19,0)),6,2))+(255-HEX2DEC(MID(INDEX(Palette!$B$2:$B$19,MATCH(C7,Palette!$A$2:$A$19,0)),6,2)))*0.25,0),2),INDEX(Palette!$B$2:$B$19,MATCH(C7,Palette!$A$2:$A$19,0))))) | H7: =IF(G7="","",IF((1.05)/((0.2126*HEX2DEC(MID(G7,2,2))+0.7152*HEX2DEC(MID(G7,4,2))+0.0722*HEX2DEC(MID(G7,6,2)))/255+0.05)>=4.5,"Yes","CHECK — may need dark text")) | I7: =IF(G7="","",IF(((0.2126*HEX2DEC(MID(G7,2,2))+0.7152*HEX2DEC(MID(G7,4,2))+0.0722*HEX2DEC(MID(G7,6,2)))/255+0.05)/((0.2126*11+0.7152*27+0.0722*52)/255+0.05)>=3,"Yes","CHECK — may need a brighter shade")) | M7: unverified
A8: Austria | B8: AUT | G8: =IF(C8="","",IF(D8="Darker","#"&DEC2HEX(ROUND(HEX2DEC(MID(INDEX(Palette!$B$2:$B$19,MATCH(C8,Palette!$A$2:$A$19,0)),2,2))*0.75,0),2)&DEC2HEX(ROUND(HEX2DEC(MID(INDEX(Palette!$B$2:$B$19,MATCH(C8,Palette!$A$2:$A$19,0)),4,2))*0.75,0),2)&DEC2HEX(ROUND(HEX2DEC(MID(INDEX(Palette!$B$2:$B$19,MATCH(C8,Palette!$A$2:$A$19,0)),6,2))*0.75,0),2),IF(D8="Lighter","#"&DEC2HEX(ROUND(HEX2DEC(MID(INDEX(Palette!$B$2:$B$19,MATCH(C8,Palette!$A$2:$A$19,0)),2,2))+(255-HEX2DEC(MID(INDEX(Palette!$B$2:$B$19,MATCH(C8,Palette!$A$2:$A$19,0)),2,2)))*0.25,0),2)&DEC2HEX(ROUND(HEX2DEC(MID(INDEX(Palette!$B$2:$B$19,MATCH(C8,Palette!$A$2:$A$19,0)),4,2))+(255-HEX2DEC(MID(INDEX(Palette!$B$2:$B$19,MATCH(C8,Palette!$A$2:$A$19,0)),4,2)))*0.25,0),2)&DEC2HEX(ROUND(HEX2DEC(MID(INDEX(Palette!$B$2:$B$19,MATCH(C8,Palette!$A$2:$A$19,0)),6,2))+(255-HEX2DEC(MID(INDEX(Palette!$B$2:$B$19,MATCH(C8,Palette!$A$2:$A$19,0)),6,2)))*0.25,0),2),INDEX(Palette!$B$2:$B$19,MATCH(C8,Palette!$A$2:$A$19,0))))) | H8: =IF(G8="","",IF((1.05)/((0.2126*HEX2DEC(MID(G8,2,2))+0.7152*HEX2DEC(MID(G8,4,2))+0.0722*HEX2DEC(MID(G8,6,2)))/255+0.05)>=4.5,"Yes","CHECK — may need dark text")) | I8: =IF(G8="","",IF(((0.2126*HEX2DEC(MID(G8,2,2))+0.7152*HEX2DEC(MID(G8,4,2))+0.0722*HEX2DEC(MID(G8,6,2)))/255+0.05)/((0.2126*11+0.7152*27+0.0722*52)/255+0.05)>=3,"Yes","CHECK — may need a brighter shade")) | M8: unverified
A9: Belgium | B9: BEL | G9: =IF(C9="","",IF(D9="Darker","#"&DEC2HEX(ROUND(HEX2DEC(MID(INDEX(Palette!$B$2:$B$19,MATCH(C9,Palette!$A$2:$A$19,0)),2,2))*0.75,0),2)&DEC2HEX(ROUND(HEX2DEC(MID(INDEX(Palette!$B$2:$B$19,MATCH(C9,Palette!$A$2:$A$19,0)),4,2))*0.75,0),2)&DEC2HEX(ROUND(HEX2DEC(MID(INDEX(Palette!$B$2:$B$19,MATCH(C9,Palette!$A$2:$A$19,0)),6,2))*0.75,0),2),IF(D9="Lighter","#"&DEC2HEX(ROUND(HEX2DEC(MID(INDEX(Palette!$B$2:$B$19,MATCH(C9,Palette!$A$2:$A$19,0)),2,2))+(255-HEX2DEC(MID(INDEX(Palette!$B$2:$B$19,MATCH(C9,Palette!$A$2:$A$19,0)),2,2)))*0.25,0),2)&DEC2HEX(ROUND(HEX2DEC(MID(INDEX(Palette!$B$2:$B$19,MATCH(C9,Palette!$A$2:$A$19,0)),4,2))+(255-HEX2DEC(MID(INDEX(Palette!$B$2:$B$19,MATCH(C9,Palette!$A$2:$A$19,0)),4,2)))*0.25,0),2)&DEC2HEX(ROUND(HEX2DEC(MID(INDEX(Palette!$B$2:$B$19,MATCH(C9,Palette!$A$2:$A$19,0)),6,2))+(255-HEX2DEC(MID(INDEX(Palette!$B$2:$B$19,MATCH(C9,Palette!$A$2:$A$19,0)),6,2)))*0.25,0),2),INDEX(Palette!$B$2:$B$19,MATCH(C9,Palette!$A$2:$A$19,0))))) | H9: =IF(G9="","",IF((1.05)/((0.2126*HEX2DEC(MID(G9,2,2))+0.7152*HEX2DEC(MID(G9,4,2))+0.0722*HEX2DEC(MID(G9,6,2)))/255+0.05)>=4.5,"Yes","CHECK — may need dark text")) | I9: =IF(G9="","",IF(((0.2126*HEX2DEC(MID(G9,2,2))+0.7152*HEX2DEC(MID(G9,4,2))+0.0722*HEX2DEC(MID(G9,6,2)))/255+0.05)/((0.2126*11+0.7152*27+0.0722*52)/255+0.05)>=3,"Yes","CHECK — may need a brighter shade")) | M9: unverified
A10: Croatia | B10: CRO | G10: =IF(C10="","",IF(D10="Darker","#"&DEC2HEX(ROUND(HEX2DEC(MID(INDEX(Palette!$B$2:$B$19,MATCH(C10,Palette!$A$2:$A$19,0)),2,2))*0.75,0),2)&DEC2HEX(ROUND(HEX2DEC(MID(INDEX(Palette!$B$2:$B$19,MATCH(C10,Palette!$A$2:$A$19,0)),4,2))*0.75,0),2)&DEC2HEX(ROUND(HEX2DEC(MID(INDEX(Palette!$B$2:$B$19,MATCH(C10,Palette!$A$2:$A$19,0)),6,2))*0.75,0),2),IF(D10="Lighter","#"&DEC2HEX(ROUND(HEX2DEC(MID(INDEX(Palette!$B$2:$B$19,MATCH(C10,Palette!$A$2:$A$19,0)),2,2))+(255-HEX2DEC(MID(INDEX(Palette!$B$2:$B$19,MATCH(C10,Palette!$A$2:$A$19,0)),2,2)))*0.25,0),2)&DEC2HEX(ROUND(HEX2DEC(MID(INDEX(Palette!$B$2:$B$19,MATCH(C10,Palette!$A$2:$A$19,0)),4,2))+(255-HEX2DEC(MID(INDEX(Palette!$B$2:$B$19,MATCH(C10,Palette!$A$2:$A$19,0)),4,2)))*0.25,0),2)&DEC2HEX(ROUND(HEX2DEC(MID(INDEX(Palette!$B$2:$B$19,MATCH(C10,Palette!$A$2:$A$19,0)),6,2))+(255-HEX2DEC(MID(INDEX(Palette!$B$2:$B$19,MATCH(C10,Palette!$A$2:$A$19,0)),6,2)))*0.25,0),2),INDEX(Palette!$B$2:$B$19,MATCH(C10,Palette!$A$2:$A$19,0))))) | H10: =IF(G10="","",IF((1.05)/((0.2126*HEX2DEC(MID(G10,2,2))+0.7152*HEX2DEC(MID(G10,4,2))+0.0722*HEX2DEC(MID(G10,6,2)))/255+0.05)>=4.5,"Yes","CHECK — may need dark text")) | I10: =IF(G10="","",IF(((0.2126*HEX2DEC(MID(G10,2,2))+0.7152*HEX2DEC(MID(G10,4,2))+0.0722*HEX2DEC(MID(G10,6,2)))/255+0.05)/((0.2126*11+0.7152*27+0.0722*52)/255+0.05)>=3,"Yes","CHECK — may need a brighter shade")) | M10: unverified
A11: Czechia | B11: CZE | G11: =IF(C11="","",IF(D11="Darker","#"&DEC2HEX(ROUND(HEX2DEC(MID(INDEX(Palette!$B$2:$B$19,MATCH(C11,Palette!$A$2:$A$19,0)),2,2))*0.75,0),2)&DEC2HEX(ROUND(HEX2DEC(MID(INDEX(Palette!$B$2:$B$19,MATCH(C11,Palette!$A$2:$A$19,0)),4,2))*0.75,0),2)&DEC2HEX(ROUND(HEX2DEC(MID(INDEX(Palette!$B$2:$B$19,MATCH(C11,Palette!$A$2:$A$19,0)),6,2))*0.75,0),2),IF(D11="Lighter","#"&DEC2HEX(ROUND(HEX2DEC(MID(INDEX(Palette!$B$2:$B$19,MATCH(C11,Palette!$A$2:$A$19,0)),2,2))+(255-HEX2DEC(MID(INDEX(Palette!$B$2:$B$19,MATCH(C11,Palette!$A$2:$A$19,0)),2,2)))*0.25,0),2)&DEC2HEX(ROUND(HEX2DEC(MID(INDEX(Palette!$B$2:$B$19,MATCH(C11,Palette!$A$2:$A$19,0)),4,2))+(255-HEX2DEC(MID(INDEX(Palette!$B$2:$B$19,MATCH(C11,Palette!$A$2:$A$19,0)),4,2)))*0.25,0),2)&DEC2HEX(ROUND(HEX2DEC(MID(INDEX(Palette!$B$2:$B$19,MATCH(C11,Palette!$A$2:$A$19,0)),6,2))+(255-HEX2DEC(MID(INDEX(Palette!$B$2:$B$19,MATCH(C11,Palette!$A$2:$A$19,0)),6,2)))*0.25,0),2),INDEX(Palette!$B$2:$B$19,MATCH(C11,Palette!$A$2:$A$19,0))))) | H11: =IF(G11="","",IF((1.05)/((0.2126*HEX2DEC(MID(G11,2,2))+0.7152*HEX2DEC(MID(G11,4,2))+0.0722*HEX2DEC(MID(G11,6,2)))/255+0.05)>=4.5,"Yes","CHECK — may need dark text")) | I11: =IF(G11="","",IF(((0.2126*HEX2DEC(MID(G11,2,2))+0.7152*HEX2DEC(MID(G11,4,2))+0.0722*HEX2DEC(MID(G11,6,2)))/255+0.05)/((0.2126*11+0.7152*27+0.0722*52)/255+0.05)>=3,"Yes","CHECK — may need a brighter shade")) | M11: unverified
A12: Denmark | B12: DEN | G12: =IF(C12="","",IF(D12="Darker","#"&DEC2HEX(ROUND(HEX2DEC(MID(INDEX(Palette!$B$2:$B$19,MATCH(C12,Palette!$A$2:$A$19,0)),2,2))*0.75,0),2)&DEC2HEX(ROUND(HEX2DEC(MID(INDEX(Palette!$B$2:$B$19,MATCH(C12,Palette!$A$2:$A$19,0)),4,2))*0.75,0),2)&DEC2HEX(ROUND(HEX2DEC(MID(INDEX(Palette!$B$2:$B$19,MATCH(C12,Palette!$A$2:$A$19,0)),6,2))*0.75,0),2),IF(D12="Lighter","#"&DEC2HEX(ROUND(HEX2DEC(MID(INDEX(Palette!$B$2:$B$19,MATCH(C12,Palette!$A$2:$A$19,0)),2,2))+(255-HEX2DEC(MID(INDEX(Palette!$B$2:$B$19,MATCH(C12,Palette!$A$2:$A$19,0)),2,2)))*0.25,0),2)&DEC2HEX(ROUND(HEX2DEC(MID(INDEX(Palette!$B$2:$B$19,MATCH(C12,Palette!$A$2:$A$19,0)),4,2))+(255-HEX2DEC(MID(INDEX(Palette!$B$2:$B$19,MATCH(C12,Palette!$A$2:$A$19,0)),4,2)))*0.25,0),2)&DEC2HEX(ROUND(HEX2DEC(MID(INDEX(Palette!$B$2:$B$19,MATCH(C12,Palette!$A$2:$A$19,0)),6,2))+(255-HEX2DEC(MID(INDEX(Palette!$B$2:$B$19,MATCH(C12,Palette!$A$2:$A$19,0)),6,2)))*0.25,0),2),INDEX(Palette!$B$2:$B$19,MATCH(C12,Palette!$A$2:$A$19,0))))) | H12: =IF(G12="","",IF((1.05)/((0.2126*HEX2DEC(MID(G12,2,2))+0.7152*HEX2DEC(MID(G12,4,2))+0.0722*HEX2DEC(MID(G12,6,2)))/255+0.05)>=4.5,"Yes","CHECK — may need dark text")) | I12: =IF(G12="","",IF(((0.2126*HEX2DEC(MID(G12,2,2))+0.7152*HEX2DEC(MID(G12,4,2))+0.0722*HEX2DEC(MID(G12,6,2)))/255+0.05)/((0.2126*11+0.7152*27+0.0722*52)/255+0.05)>=3,"Yes","CHECK — may need a brighter shade")) | M12: unverified
A13: France | B13: FRA | G13: =IF(C13="","",IF(D13="Darker","#"&DEC2HEX(ROUND(HEX2DEC(MID(INDEX(Palette!$B$2:$B$19,MATCH(C13,Palette!$A$2:$A$19,0)),2,2))*0.75,0),2)&DEC2HEX(ROUND(HEX2DEC(MID(INDEX(Palette!$B$2:$B$19,MATCH(C13,Palette!$A$2:$A$19,0)),4,2))*0.75,0),2)&DEC2HEX(ROUND(HEX2DEC(MID(INDEX(Palette!$B$2:$B$19,MATCH(C13,Palette!$A$2:$A$19,0)),6,2))*0.75,0),2),IF(D13="Lighter","#"&DEC2HEX(ROUND(HEX2DEC(MID(INDEX(Palette!$B$2:$B$19,MATCH(C13,Palette!$A$2:$A$19,0)),2,2))+(255-HEX2DEC(MID(INDEX(Palette!$B$2:$B$19,MATCH(C13,Palette!$A$2:$A$19,0)),2,2)))*0.25,0),2)&DEC2HEX(ROUND(HEX2DEC(MID(INDEX(Palette!$B$2:$B$19,MATCH(C13,Palette!$A$2:$A$19,0)),4,2))+(255-HEX2DEC(MID(INDEX(Palette!$B$2:$B$19,MATCH(C13,Palette!$A$2:$A$19,0)),4,2)))*0.25,0),2)&DEC2HEX(ROUND(HEX2DEC(MID(INDEX(Palette!$B$2:$B$19,MATCH(C13,Palette!$A$2:$A$19,0)),6,2))+(255-HEX2DEC(MID(INDEX(Palette!$B$2:$B$19,MATCH(C13,Palette!$A$2:$A$19,0)),6,2)))*0.25,0),2),INDEX(Palette!$B$2:$B$19,MATCH(C13,Palette!$A$2:$A$19,0))))) | H13: =IF(G13="","",IF((1.05)/((0.2126*HEX2DEC(MID(G13,2,2))+0.7152*HEX2DEC(MID(G13,4,2))+0.0722*HEX2DEC(MID(G13,6,2)))/255+0.05)>=4.5,"Yes","CHECK — may need dark text")) | I13: =IF(G13="","",IF(((0.2126*HEX2DEC(MID(G13,2,2))+0.7152*HEX2DEC(MID(G13,4,2))+0.0722*HEX2DEC(MID(G13,6,2)))/255+0.05)/((0.2126*11+0.7152*27+0.0722*52)/255+0.05)>=3,"Yes","CHECK — may need a brighter shade")) | M13: unverified
A14: Georgia | B14: GEO | G14: =IF(C14="","",IF(D14="Darker","#"&DEC2HEX(ROUND(HEX2DEC(MID(INDEX(Palette!$B$2:$B$19,MATCH(C14,Palette!$A$2:$A$19,0)),2,2))*0.75,0),2)&DEC2HEX(ROUND(HEX2DEC(MID(INDEX(Palette!$B$2:$B$19,MATCH(C14,Palette!$A$2:$A$19,0)),4,2))*0.75,0),2)&DEC2HEX(ROUND(HEX2DEC(MID(INDEX(Palette!$B$2:$B$19,MATCH(C14,Palette!$A$2:$A$19,0)),6,2))*0.75,0),2),IF(D14="Lighter","#"&DEC2HEX(ROUND(HEX2DEC(MID(INDEX(Palette!$B$2:$B$19,MATCH(C14,Palette!$A$2:$A$19,0)),2,2))+(255-HEX2DEC(MID(INDEX(Palette!$B$2:$B$19,MATCH(C14,Palette!$A$2:$A$19,0)),2,2)))*0.25,0),2)&DEC2HEX(ROUND(HEX2DEC(MID(INDEX(Palette!$B$2:$B$19,MATCH(C14,Palette!$A$2:$A$19,0)),4,2))+(255-HEX2DEC(MID(INDEX(Palette!$B$2:$B$19,MATCH(C14,Palette!$A$2:$A$19,0)),4,2)))*0.25,0),2)&DEC2HEX(ROUND(HEX2DEC(MID(INDEX(Palette!$B$2:$B$19,MATCH(C14,Palette!$A$2:$A$19,0)),6,2))+(255-HEX2DEC(MID(INDEX(Palette!$B$2:$B$19,MATCH(C14,Palette!$A$2:$A$19,0)),6,2)))*0.25,0),2),INDEX(Palette!$B$2:$B$19,MATCH(C14,Palette!$A$2:$A$19,0))))) | H14: =IF(G14="","",IF((1.05)/((0.2126*HEX2DEC(MID(G14,2,2))+0.7152*HEX2DEC(MID(G14,4,2))+0.0722*HEX2DEC(MID(G14,6,2)))/255+0.05)>=4.5,"Yes","CHECK — may need dark text")) | I14: =IF(G14="","",IF(((0.2126*HEX2DEC(MID(G14,2,2))+0.7152*HEX2DEC(MID(G14,4,2))+0.0722*HEX2DEC(MID(G14,6,2)))/255+0.05)/((0.2126*11+0.7152*27+0.0722*52)/255+0.05)>=3,"Yes","CHECK — may need a brighter shade")) | M14: unverified
A15: Germany | B15: GER | G15: =IF(C15="","",IF(D15="Darker","#"&DEC2HEX(ROUND(HEX2DEC(MID(INDEX(Palette!$B$2:$B$19,MATCH(C15,Palette!$A$2:$A$19,0)),2,2))*0.75,0),2)&DEC2HEX(ROUND(HEX2DEC(MID(INDEX(Palette!$B$2:$B$19,MATCH(C15,Palette!$A$2:$A$19,0)),4,2))*0.75,0),2)&DEC2HEX(ROUND(HEX2DEC(MID(INDEX(Palette!$B$2:$B$19,MATCH(C15,Palette!$A$2:$A$19,0)),6,2))*0.75,0),2),IF(D15="Lighter","#"&DEC2HEX(ROUND(HEX2DEC(MID(INDEX(Palette!$B$2:$B$19,MATCH(C15,Palette!$A$2:$A$19,0)),2,2))+(255-HEX2DEC(MID(INDEX(Palette!$B$2:$B$19,MATCH(C15,Palette!$A$2:$A$19,0)),2,2)))*0.25,0),2)&DEC2HEX(ROUND(HEX2DEC(MID(INDEX(Palette!$B$2:$B$19,MATCH(C15,Palette!$A$2:$A$19,0)),4,2))+(255-HEX2DEC(MID(INDEX(Palette!$B$2:$B$19,MATCH(C15,Palette!$A$2:$A$19,0)),4,2)))*0.25,0),2)&DEC2HEX(ROUND(HEX2DEC(MID(INDEX(Palette!$B$2:$B$19,MATCH(C15,Palette!$A$2:$A$19,0)),6,2))+(255-HEX2DEC(MID(INDEX(Palette!$B$2:$B$19,MATCH(C15,Palette!$A$2:$A$19,0)),6,2)))*0.25,0),2),INDEX(Palette!$B$2:$B$19,MATCH(C15,Palette!$A$2:$A$19,0))))) | H15: =IF(G15="","",IF((1.05)/((0.2126*HEX2DEC(MID(G15,2,2))+0.7152*HEX2DEC(MID(G15,4,2))+0.0722*HEX2DEC(MID(G15,6,2)))/255+0.05)>=4.5,"Yes","CHECK — may need dark text")) | I15: =IF(G15="","",IF(((0.2126*HEX2DEC(MID(G15,2,2))+0.7152*HEX2DEC(MID(G15,4,2))+0.0722*HEX2DEC(MID(G15,6,2)))/255+0.05)/((0.2126*11+0.7152*27+0.0722*52)/255+0.05)>=3,"Yes","CHECK — may need a brighter shade")) | M15: unverified
A16: Greece | B16: GRE | G16: =IF(C16="","",IF(D16="Darker","#"&DEC2HEX(ROUND(HEX2DEC(MID(INDEX(Palette!$B$2:$B$19,MATCH(C16,Palette!$A$2:$A$19,0)),2,2))*0.75,0),2)&DEC2HEX(ROUND(HEX2DEC(MID(INDEX(Palette!$B$2:$B$19,MATCH(C16,Palette!$A$2:$A$19,0)),4,2))*0.75,0),2)&DEC2HEX(ROUND(HEX2DEC(MID(INDEX(Palette!$B$2:$B$19,MATCH(C16,Palette!$A$2:$A$19,0)),6,2))*0.75,0),2),IF(D16="Lighter","#"&DEC2HEX(ROUND(HEX2DEC(MID(INDEX(Palette!$B$2:$B$19,MATCH(C16,Palette!$A$2:$A$19,0)),2,2))+(255-HEX2DEC(MID(INDEX(Palette!$B$2:$B$19,MATCH(C16,Palette!$A$2:$A$19,0)),2,2)))*0.25,0),2)&DEC2HEX(ROUND(HEX2DEC(MID(INDEX(Palette!$B$2:$B$19,MATCH(C16,Palette!$A$2:$A$19,0)),4,2))+(255-HEX2DEC(MID(INDEX(Palette!$B$2:$B$19,MATCH(C16,Palette!$A$2:$A$19,0)),4,2)))*0.25,0),2)&DEC2HEX(ROUND(HEX2DEC(MID(INDEX(Palette!$B$2:$B$19,MATCH(C16,Palette!$A$2:$A$19,0)),6,2))+(255-HEX2DEC(MID(INDEX(Palette!$B$2:$B$19,MATCH(C16,Palette!$A$2:$A$19,0)),6,2)))*0.25,0),2),INDEX(Palette!$B$2:$B$19,MATCH(C16,Palette!$A$2:$A$19,0))))) | H16: =IF(G16="","",IF((1.05)/((0.2126*HEX2DEC(MID(G16,2,2))+0.7152*HEX2DEC(MID(G16,4,2))+0.0722*HEX2DEC(MID(G16,6,2)))/255+0.05)>=4.5,"Yes","CHECK — may need dark text")) | I16: =IF(G16="","",IF(((0.2126*HEX2DEC(MID(G16,2,2))+0.7152*HEX2DEC(MID(G16,4,2))+0.0722*HEX2DEC(MID(G16,6,2)))/255+0.05)/((0.2126*11+0.7152*27+0.0722*52)/255+0.05)>=3,"Yes","CHECK — may need a brighter shade")) | M16: unverified
... A31: Ukraine | B31: UKR | G31: =IF(C31="","",IF(D31="Darker","#"&DEC2HEX(ROUND(HEX2DEC(MID(INDEX(Palette!$B$2:$B$19,MATCH(C31,Palette!$A$2:$A$19,0)),2,2))*0.75,0),2)&DEC2HEX(ROUND(HEX2DEC(MID(INDEX(Palette!$B$2:$B$19,MATCH(C31,Palette!$A$2:$A$19,0)),4,2))*0.75,0),2)&DEC2HEX(ROUND(HEX2DEC(MID(INDEX(Palette!$B$2:$B$19,MATCH(C31,Palette!$A$2:$A$19,0)),6,2))*0.75,0),2),IF(D31="Lighter","#"&DEC2HEX(ROUND(HEX2DEC(MID(INDEX(Palette!$B$2:$B$19,MATCH(C31,Palette!$A$2:$A$19,0)),2,2))+(255-HEX2DEC(MID(INDEX(Palette!$B$2:$B$19,MATCH(C31,Palette!$A$2:$A$19,0)),2,2)))*0.25,0),2)&DEC2HEX(ROUND(HEX2DEC(MID(INDEX(Palette!$B$2:$B$19,MATCH(C31,Palette!$A$2:$A$19,0)),4,2))+(255-HEX2DEC(MID(INDEX(Palette!$B$2:$B$19,MATCH(C31,Palette!$A$2:$A$19,0)),4,2)))*0.25,0),2)&DEC2HEX(ROUND(HEX2DEC(MID(INDEX(Palette!$B$2:$B$19,MATCH(C31,Palette!$A$2:$A$19,0)),6,2))+(255-HEX2DEC(MID(INDEX(Palette!$B$2:$B$19,MATCH(C31,Palette!$A$2:$A$19,0)),6,2)))*0.25,0),2),INDEX(Palette!$B$2:$B$19,MATCH(C31,Palette!$A$2:$A$19,0))))) | H31: =IF(G31="","",IF((1.05)/((0.2126*HEX2DEC(MID(G31,2,2))+0.7152*HEX2DEC(MID(G31,4,2))+0.0722*HEX2DEC(MID(G31,6,2)))/255+0.05)>=4.5,"Yes","CHECK — may need dark text")) | I31: =IF(G31="","",IF(((0.2126*HEX2DEC(MID(G31,2,2))+0.7152*HEX2DEC(MID(G31,4,2))+0.0722*HEX2DEC(MID(G31,6,2)))/255+0.05)/((0.2126*11+0.7152*27+0.0722*52)/255+0.05)>=3,"Yes","CHECK — may need a brighter shade")) | M31: unverified

Sheet Palette
A1: Colour name | B1: Hex
A2: Navy | B2: #1B3A6B
A3: Royal blue | B3: #1D4ED8
A4: Sky blue | B4: #7DBBE6
A5: Light blue | B5: #5FA8D3
A6: Red | B6: #C8102E
A7: Dark red | B7: #8B0000
A8: Maroon | B8: #7A263A
A9: Orange | B9: #F36C21
A10: Tangerine | B10: #FF7F27
A11: Yellow | B11: #FFD700
A12: Gold | B12: #D4A017
... A19: Crimson | B19: #DC143C

Sheet Legend & Rules
A1: EURO 2028 TEAM PROFILE TEMPLATE — post-draw bulk fill-in (no hex knowledge needed)
A3: HOW TO FILL IN — yellow cells only:
A4: • Primary/Secondary colour: pick a plain colour name from the dropdown (the Palette tab holds the football-kit palette behind it).
A5: • Shade: Standard / Darker / Lighter nudges the colour if the standard one looks off.
A6: • The hex column fills itself. Only touch it if a team truly needs an exact value — typing a # value there overrides the dropdown.
A7: • The two 'readable' columns answer in plain English. 'CHECK' means the build session must adjust the text treatment for that team — allowed by the Scotland pattern, not a problem, just flag it.
A8: • Colour source: where you looked — an FA site, Wikipedia's kit box, even 'club shop photo'. This is what makes the data checkable, not AI-trusted.
A9: • FIFA ranking from FIFA's published list, with the date you checked. Editorial note: one sentence, your voice.
A10: • Status: unverified → checked by Nicky → applied. THE BATCH RUN REFUSES ROWS NOT MARKED 'checked by Nicky'.
A12: Hosts are grey-tinted at the top. Prune the qualifier list to the real 24 after the draw. Scotland (row 4) is the worked example — already live in the database.
A14: TRANSFER PATH: fill sheet → export CSV → the batch session translates plain names to final values, verifies against your cited sources, computes true WCAG contrast, and regenerates assign-team-profiles.mjs's data tables → one idempotent run. The script self-heals and never overwrites admin-entered data.
A15: Colours are this app's brand treatment of a team — recognisable-to-a-fan beats officially-perfect. No badges, no kit designs (trademark).
